<annotation>
	<folder />
	<filename>IMG_2417_jpeg_jpg.rf.3126d833b440a93a98942375d5de1a91.jpg</filename>
	<path>IMG_2417_jpeg_jpg.rf.3126d833b440a93a98942375d5de1a91.jpg</path>
	<source>
		<database>roboflow.ai</database>
	</source>
	<size>
		<width>768</width>
		<height>1024</height>
		<depth>3</depth>
	</size>
	<segmented>0</segmented>
	<object>
		<name>fish</name>
		<pose>Unspecified</pose>
		<truncated>0</truncated>
		<difficult>0</difficult>
		<occluded>0</occluded>
		<bndbox>
			<xmin>136</xmin>
			<xmax>767</xmax>
			<ymin>413</ymin>
			<ymax>726</ymax>
		</bndbox>
	</object>
	<object>
		<name>fish</name>
		<pose>Unspecified</pose>
		<truncated>0</truncated>
		<difficult>0</difficult>
		<occluded>0</occluded>
		<bndbox>
			<xmin>228</xmin>
			<xmax>767</xmax>
			<ymin>215</ymin>
			<ymax>512</ymax>
		</bndbox>
	</object>
	<object>
		<name>fish</name>
		<pose>Unspecified</pose>
		<truncated>0</truncated>
		<difficult>0</difficult>
		<occluded>0</occluded>
		<bndbox>
			<xmin>1</xmin>
			<xmax>124</xmax>
			<ymin>757</ymin>
			<ymax>911</ymax>
		</bndbox>
	</object>
	<object>
		<name>fish</name>
		<pose>Unspecified</pose>
		<truncated>0</truncated>
		<difficult>0</difficult>
		<occluded>0</occluded>
		<bndbox>
			<xmin>134</xmin>
			<xmax>402</xmax>
			<ymin>469</ymin>
			<ymax>581</ymax>
		</bndbox>
	</object>
</annotation>