<annotation>
	<folder />
	<filename>IMG_2386_jpeg_jpg.rf.24ef35f21ff0b936ede4bb3a50c0886e.jpg</filename>
	<path>IMG_2386_jpeg_jpg.rf.24ef35f21ff0b936ede4bb3a50c0886e.jpg</path>
	<source>
		<database>roboflow.ai</database>
	</source>
	<size>
		<width>768</width>
		<height>1024</height>
		<depth>3</depth>
	</size>
	<segmented>0</segmented>
	<object>
		<name>starfish</name>
		<pose>Unspecified</pose>
		<truncated>0</truncated>
		<difficult>0</difficult>
		<occluded>0</occluded>
		<bndbox>
			<xmin>237</xmin>
			<xmax>385</xmax>
			<ymin>497</ymin>
			<ymax>832</ymax>
		</bndbox>
	</object>
	<object>
		<name>starfish</name>
		<pose>Unspecified</pose>
		<truncated>0</truncated>
		<difficult>0</difficult>
		<occluded>0</occluded>
		<bndbox>
			<xmin>265</xmin>
			<xmax>361</xmax>
			<ymin>237</ymin>
			<ymax>466</ymax>
		</bndbox>
	</object>
	<object>
		<name>fish</name>
		<pose>Unspecified</pose>
		<truncated>0</truncated>
		<difficult>0</difficult>
		<occluded>0</occluded>
		<bndbox>
			<xmin>606</xmin>
			<xmax>767</xmax>
			<ymin>73</ymin>
			<ymax>278</ymax>
		</bndbox>
	</object>
</annotation>