<annotation>
	<folder />
	<filename>IMG_2363_jpeg_jpg.rf.c646c1cefead3cafbda9956f065dbe6a.jpg</filename>
	<path>IMG_2363_jpeg_jpg.rf.c646c1cefead3cafbda9956f065dbe6a.jpg</path>
	<source>
		<database>roboflow.ai</database>
	</source>
	<size>
		<width>768</width>
		<height>1024</height>
		<depth>3</depth>
	</size>
	<segmented>0</segmented>
	<object>
		<name>starfish</name>
		<pose>Unspecified</pose>
		<truncated>0</truncated>
		<difficult>0</difficult>
		<occluded>0</occluded>
		<bndbox>
			<xmin>412</xmin>
			<xmax>703</xmax>
			<ymin>638</ymin>
			<ymax>951</ymax>
		</bndbox>
	</object>
	<object>
		<name>fish</name>
		<pose>Unspecified</pose>
		<truncated>0</truncated>
		<difficult>0</difficult>
		<occluded>0</occluded>
		<bndbox>
			<xmin>121</xmin>
			<xmax>598</xmax>
			<ymin>399</ymin>
			<ymax>553</ymax>
		</bndbox>
	</object>
</annotation>