<annotation>
	<folder />
	<filename>IMG_2384_jpeg_jpg.rf.a094269cf1f5522f894b6a2cfc636a8d.jpg</filename>
	<path>IMG_2384_jpeg_jpg.rf.a094269cf1f5522f894b6a2cfc636a8d.jpg</path>
	<source>
		<database>roboflow.ai</database>
	</source>
	<size>
		<width>768</width>
		<height>1024</height>
		<depth>3</depth>
	</size>
	<segmented>0</segmented>
	<object>
		<name>starfish</name>
		<pose>Unspecified</pose>
		<truncated>0</truncated>
		<difficult>0</difficult>
		<occluded>0</occluded>
		<bndbox>
			<xmin>436</xmin>
			<xmax>670</xmax>
			<ymin>503</ymin>
			<ymax>722</ymax>
		</bndbox>
	</object>
</annotation>