<annotation>
	<folder />
	<filename>IMG_2393_jpeg_jpg.rf.51a3d165da3aac4466f89c834fa6532e.jpg</filename>
	<path>IMG_2393_jpeg_jpg.rf.51a3d165da3aac4466f89c834fa6532e.jpg</path>
	<source>
		<database>roboflow.ai</database>
	</source>
	<size>
		<width>768</width>
		<height>1024</height>
		<depth>3</depth>
	</size>
	<segmented>0</segmented>
	<object>
		<name>fish</name>
		<pose>Unspecified</pose>
		<truncated>0</truncated>
		<difficult>0</difficult>
		<occluded>0</occluded>
		<bndbox>
			<xmin>644</xmin>
			<xmax>767</xmax>
			<ymin>144</ymin>
			<ymax>402</ymax>
		</bndbox>
	</object>
	<object>
		<name>fish</name>
		<pose>Unspecified</pose>
		<truncated>0</truncated>
		<difficult>0</difficult>
		<occluded>0</occluded>
		<bndbox>
			<xmin>214</xmin>
			<xmax>524</xmax>
			<ymin>449</ymin>
			<ymax>662</ymax>
		</bndbox>
	</object>
</annotation>