<annotation>
	<folder />
	<filename>IMG_2383_jpeg_jpg.rf.fd376436d382e985e3c0e6936860212f.jpg</filename>
	<path>IMG_2383_jpeg_jpg.rf.fd376436d382e985e3c0e6936860212f.jpg</path>
	<source>
		<database>roboflow.ai</database>
	</source>
	<size>
		<width>768</width>
		<height>1024</height>
		<depth>3</depth>
	</size>
	<segmented>0</segmented>
	<object>
		<name>starfish</name>
		<pose>Unspecified</pose>
		<truncated>0</truncated>
		<difficult>0</difficult>
		<occluded>0</occluded>
		<bndbox>
			<xmin>36</xmin>
			<xmax>395</xmax>
			<ymin>505</ymin>
			<ymax>845</ymax>
		</bndbox>
	</object>
	<object>
		<name>starfish</name>
		<pose>Unspecified</pose>
		<truncated>0</truncated>
		<difficult>0</difficult>
		<occluded>0</occluded>
		<bndbox>
			<xmin>541</xmin>
			<xmax>743</xmax>
			<ymin>372</ymin>
			<ymax>642</ymax>
		</bndbox>
	</object>
</annotation>