<annotation>
	<folder />
	<filename>IMG_2374_jpeg_jpg.rf.13a3afe5fa27f706d031758c74d64dae.jpg</filename>
	<path>IMG_2374_jpeg_jpg.rf.13a3afe5fa27f706d031758c74d64dae.jpg</path>
	<source>
		<database>roboflow.ai</database>
	</source>
	<size>
		<width>768</width>
		<height>1024</height>
		<depth>3</depth>
	</size>
	<segmented>0</segmented>
	<object>
		<name>starfish</name>
		<pose>Unspecified</pose>
		<truncated>0</truncated>
		<difficult>0</difficult>
		<occluded>0</occluded>
		<bndbox>
			<xmin>248</xmin>
			<xmax>502</xmax>
			<ymin>502</ymin>
			<ymax>725</ymax>
		</bndbox>
	</object>
</annotation>