<annotation>
	<folder />
	<filename>IMG_2352_jpeg_jpg.rf.b91c732f98fab8234ac4ec50f25a7c32.jpg</filename>
	<path>IMG_2352_jpeg_jpg.rf.b91c732f98fab8234ac4ec50f25a7c32.jpg</path>
	<source>
		<database>roboflow.ai</database>
	</source>
	<size>
		<width>768</width>
		<height>1024</height>
		<depth>3</depth>
	</size>
	<segmented>0</segmented>
	<object>
		<name>penguin</name>
		<pose>Unspecified</pose>
		<truncated>0</truncated>
		<difficult>0</difficult>
		<occluded>0</occluded>
		<bndbox>
			<xmin>412</xmin>
			<xmax>742</xmax>
			<ymin>335</ymin>
			<ymax>551</ymax>
		</bndbox>
	</object>
	<object>
		<name>penguin</name>
		<pose>Unspecified</pose>
		<truncated>0</truncated>
		<difficult>0</difficult>
		<occluded>0</occluded>
		<bndbox>
			<xmin>111</xmin>
			<xmax>333</xmax>
			<ymin>443</ymin>
			<ymax>519</ymax>
		</bndbox>
	</object>
</annotation>