<annotation>
	<folder />
	<filename>IMG_2350_jpeg_jpg.rf.c77c8bea4bbacefbccb48673c5f40171.jpg</filename>
	<path>IMG_2350_jpeg_jpg.rf.c77c8bea4bbacefbccb48673c5f40171.jpg</path>
	<source>
		<database>roboflow.ai</database>
	</source>
	<size>
		<width>768</width>
		<height>1024</height>
		<depth>3</depth>
	</size>
	<segmented>0</segmented>
	<object>
		<name>penguin</name>
		<pose>Unspecified</pose>
		<truncated>0</truncated>
		<difficult>0</difficult>
		<occluded>0</occluded>
		<bndbox>
			<xmin>388</xmin>
			<xmax>609</xmax>
			<ymin>312</ymin>
			<ymax>468</ymax>
		</bndbox>
	</object>
</annotation>