<annotation>
	<folder />
	<filename>IMG_2385_jpeg_jpg.rf.401926de349287bb4d9152d065e9a822.jpg</filename>
	<path>IMG_2385_jpeg_jpg.rf.401926de349287bb4d9152d065e9a822.jpg</path>
	<source>
		<database>roboflow.ai</database>
	</source>
	<size>
		<width>768</width>
		<height>1024</height>
		<depth>3</depth>
	</size>
	<segmented>0</segmented>
	<object>
		<name>fish</name>
		<pose>Unspecified</pose>
		<truncated>0</truncated>
		<difficult>0</difficult>
		<occluded>0</occluded>
		<bndbox>
			<xmin>61</xmin>
			<xmax>722</xmax>
			<ymin>415</ymin>
			<ymax>796</ymax>
		</bndbox>
	</object>
	<object>
		<name>fish</name>
		<pose>Unspecified</pose>
		<truncated>0</truncated>
		<difficult>0</difficult>
		<occluded>0</occluded>
		<bndbox>
			<xmin>384</xmin>
			<xmax>560</xmax>
			<ymin>804</ymin>
			<ymax>1023</ymax>
		</bndbox>
	</object>
</annotation>