<annotation>
	<folder />
	<filename>IMG_2364_jpeg_jpg.rf.28f37990b12a2ca62cd367362cf202d4.jpg</filename>
	<path>IMG_2364_jpeg_jpg.rf.28f37990b12a2ca62cd367362cf202d4.jpg</path>
	<source>
		<database>roboflow.ai</database>
	</source>
	<size>
		<width>768</width>
		<height>1024</height>
		<depth>3</depth>
	</size>
	<segmented>0</segmented>
	<object>
		<name>fish</name>
		<pose>Unspecified</pose>
		<truncated>0</truncated>
		<difficult>0</difficult>
		<occluded>0</occluded>
		<bndbox>
			<xmin>340</xmin>
			<xmax>470</xmax>
			<ymin>427</ymin>
			<ymax>557</ymax>
		</bndbox>
	</object>
	<object>
		<name>shark</name>
		<pose>Unspecified</pose>
		<truncated>0</truncated>
		<difficult>0</difficult>
		<occluded>0</occluded>
		<bndbox>
			<xmin>448</xmin>
			<xmax>767</xmax>
			<ymin>1</ymin>
			<ymax>107</ymax>
		</bndbox>
	</object>
	<object>
		<name>shark</name>
		<pose>Unspecified</pose>
		<truncated>0</truncated>
		<difficult>0</difficult>
		<occluded>0</occluded>
		<bndbox>
			<xmin>218</xmin>
			<xmax>617</xmax>
			<ymin>690</ymin>
			<ymax>1023</ymax>
		</bndbox>
	</object>
</annotation>