<annotation>
	<folder />
	<filename>IMG_2365_jpeg_jpg.rf.9091a7e8b24fcf1d8493c5a4dd1310d1.jpg</filename>
	<path>IMG_2365_jpeg_jpg.rf.9091a7e8b24fcf1d8493c5a4dd1310d1.jpg</path>
	<source>
		<database>roboflow.ai</database>
	</source>
	<size>
		<width>768</width>
		<height>1024</height>
		<depth>3</depth>
	</size>
	<segmented>0</segmented>
	<object>
		<name>fish</name>
		<pose>Unspecified</pose>
		<truncated>0</truncated>
		<difficult>0</difficult>
		<occluded>0</occluded>
		<bndbox>
			<xmin>344</xmin>
			<xmax>615</xmax>
			<ymin>389</ymin>
			<ymax>646</ymax>
		</bndbox>
	</object>
	<object>
		<name>shark</name>
		<pose>Unspecified</pose>
		<truncated>0</truncated>
		<difficult>0</difficult>
		<occluded>0</occluded>
		<bndbox>
			<xmin>245</xmin>
			<xmax>758</xmax>
			<ymin>1</ymin>
			<ymax>327</ymax>
		</bndbox>
	</object>
</annotation>