<annotation>
	<folder />
	<filename>IMG_2409_jpeg_jpg.rf.2de52b31d07502007ce8e96350212d7c.jpg</filename>
	<path>IMG_2409_jpeg_jpg.rf.2de52b31d07502007ce8e96350212d7c.jpg</path>
	<source>
		<database>roboflow.ai</database>
	</source>
	<size>
		<width>768</width>
		<height>1024</height>
		<depth>3</depth>
	</size>
	<segmented>0</segmented>
	<object>
		<name>fish</name>
		<pose>Unspecified</pose>
		<truncated>0</truncated>
		<difficult>0</difficult>
		<occluded>0</occluded>
		<bndbox>
			<xmin>265</xmin>
			<xmax>683</xmax>
			<ymin>413</ymin>
			<ymax>721</ymax>
		</bndbox>
	</object>
</annotation>